{
  "posts": [
    {
      "id": 1,
      "firstName": "Akki",
      "lastName": "Patwa",
      "email": "akkip@gmail.com",
      "mobile": "259585",
      "salary": "50225"
    },
    {
      "id": 2,
      "firstName": "vishv",
      "lastName": "Rai",
      "email": "vishvrai@gmail.com",
      "mobile": "25569585",
      "salary": "50000"
    },
    {
      "id": 3,
      "firstName": "Ankita",
      "lastName": "patwa",
      "email": "ankitapatwa@gmail.com",
      "mobile": "12345678",
      "salary": "35000"
    },
    {
      "id": 4,
      "firstName": "komal",
      "lastName": "Pataw",
      "email": "komalpatwa@gmail.com",
      "mobile": "123654987",
      "salary": "40000"
    }
  ],
  "signupUsers": [
    {
      "fullname": "Akanksha Patwa",
      "email": "akankshapatwa2@gmail.com",
      "password": "123456",
      "mobile": 8573872658,
      "id": 1
    },
    {
      "fullname": "vishv rai",
      "email": "vishvrai@gmail.com",
      "password": "12345",
      "mobile": 1999,
      "id": 2
    },
    {
      "fullname": "Komal Patwa",
      "email": "komalpatwa@gmail.com",
      "password": "123456",
      "mobile": 123654987,
      "id": 3
    }
  ],
  "profile": {
    "name": "typicode"
  }
}